<?xml version="1.0" encoding="UTF-8" standalone="yes"?>
<addon id="wootje-repo" name="wootje repo" version="1" provider-name="wootje">
    <extension point="xbmc.addon.repository" name="wootje repo">
        <dir>
            <info compressed="false">https://raw.githubusercontent.com/wootje/wootje.github.io/master/repo/addons.xml</info>
            <checksum>https://raw.githubusercontent.com/wootje/wootje.github.io/master/repo/addons.xml.md5</checksum>
            <datadir zip="true">https://raw.githubusercontent.com/wootje/wootje.github.io/master/repo/zips/</datadir>
        </dir>
    </extension>
    <extension point="xbmc.addon.metadata">
        <summary>wootje</summary>
        <description>wootje add-ons collection</description>
        <disclaimer>We try to provide good add-ons. We can't garantee all add-ons function properly. Installing and using the add-ons is at your own risk.</disclaimer>
        <platform>all</platform>
        <language>en</language>
        <assets>
            <icon>icon.png</icon>
            <fanart>fanart.jpg</fanart>
        </assets>
    </extension>
</addon>
